layer,component,behavior,condition,test_name
Resilience & Recovery,load_balancer,balances_load,during_failover,test_resilience_recovery__load_balancer__balances_load__during_failover
Resilience & Recovery,load_balancer,balances_load,after_recovery,test_resilience_recovery__load_balancer__balances_load__after_recovery
Resilience & Recovery,load_balancer,balances_load,under_load,test_resilience_recovery__load_balancer__balances_load__under_load
Resilience & Recovery,load_balancer,balances_load,during_drill,test_resilience_recovery__load_balancer__balances_load__during_drill
Resilience & Recovery,load_balancer,balances_load,continuously,test_resilience_recovery__load_balancer__balances_load__continuously
Resilience & Recovery,load_balancer,balances_load,on_backup,test_resilience_recovery__load_balancer__balances_load__on_backup
Resilience & Recovery,load_balancer,replicates_state,during_failover,test_resilience_recovery__load_balancer__replicates_state__during_failover
Resilience & Recovery,load_balancer,replicates_state,after_recovery,test_resilience_recovery__load_balancer__replicates_state__after_recovery
Resilience & Recovery,load_balancer,replicates_state,under_load,test_resilience_recovery__load_balancer__replicates_state__under_load
Resilience & Recovery,load_balancer,replicates_state,during_drill,test_resilience_recovery__load_balancer__replicates_state__during_drill
Resilience & Recovery,load_balancer,replicates_state,continuously,test_resilience_recovery__load_balancer__replicates_state__continuously
Resilience & Recovery,load_balancer,replicates_state,on_backup,test_resilience_recovery__load_balancer__replicates_state__on_backup
Resilience & Recovery,load_balancer,restores_snapshot,during_failover,test_resilience_recovery__load_balancer__restores_snapshot__during_failover
Resilience & Recovery,load_balancer,restores_snapshot,after_recovery,test_resilience_recovery__load_balancer__restores_snapshot__after_recovery
Resilience & Recovery,load_balancer,restores_snapshot,under_load,test_resilience_recovery__load_balancer__restores_snapshot__under_load
Resilience & Recovery,load_balancer,restores_snapshot,during_drill,test_resilience_recovery__load_balancer__restores_snapshot__during_drill
Resilience & Recovery,load_balancer,restores_snapshot,continuously,test_resilience_recovery__load_balancer__restores_snapshot__continuously
Resilience & Recovery,load_balancer,restores_snapshot,on_backup,test_resilience_recovery__load_balancer__restores_snapshot__on_backup
Resilience & Recovery,load_balancer,encrypts_backup,during_failover,test_resilience_recovery__load_balancer__encrypts_backup__during_failover
Resilience & Recovery,load_balancer,encrypts_backup,after_recovery,test_resilience_recovery__load_balancer__encrypts_backup__after_recovery
Resilience & Recovery,load_balancer,encrypts_backup,under_load,test_resilience_recovery__load_balancer__encrypts_backup__under_load
Resilience & Recovery,load_balancer,encrypts_backup,during_drill,test_resilience_recovery__load_balancer__encrypts_backup__during_drill
Resilience & Recovery,load_balancer,encrypts_backup,continuously,test_resilience_recovery__load_balancer__encrypts_backup__continuously
Resilience & Recovery,load_balancer,encrypts_backup,on_backup,test_resilience_recovery__load_balancer__encrypts_backup__on_backup
Resilience & Recovery,load_balancer,tests_failover,during_failover,test_resilience_recovery__load_balancer__tests_failover__during_failover
Resilience & Recovery,load_balancer,tests_failover,after_recovery,test_resilience_recovery__load_balancer__tests_failover__after_recovery
Resilience & Recovery,load_balancer,tests_failover,under_load,test_resilience_recovery__load_balancer__tests_failover__under_load
Resilience & Recovery,load_balancer,tests_failover,during_drill,test_resilience_recovery__load_balancer__tests_failover__during_drill
Resilience & Recovery,load_balancer,tests_failover,continuously,test_resilience_recovery__load_balancer__tests_failover__continuously
Resilience & Recovery,load_balancer,tests_failover,on_backup,test_resilience_recovery__load_balancer__tests_failover__on_backup
Resilience & Recovery,load_balancer,recovers_after_fault,during_failover,test_resilience_recovery__load_balancer__recovers_after_fault__during_failover
Resilience & Recovery,load_balancer,recovers_after_fault,after_recovery,test_resilience_recovery__load_balancer__recovers_after_fault__after_recovery
Resilience & Recovery,load_balancer,recovers_after_fault,under_load,test_resilience_recovery__load_balancer__recovers_after_fault__under_load
Resilience & Recovery,load_balancer,recovers_after_fault,during_drill,test_resilience_recovery__load_balancer__recovers_after_fault__during_drill
Resilience & Recovery,load_balancer,recovers_after_fault,continuously,test_resilience_recovery__load_balancer__recovers_after_fault__continuously
Resilience & Recovery,load_balancer,recovers_after_fault,on_backup,test_resilience_recovery__load_balancer__recovers_after_fault__on_backup
Resilience & Recovery,load_balancer,triggers_auto_heal,during_failover,test_resilience_recovery__load_balancer__triggers_auto_heal__during_failover
Resilience & Recovery,load_balancer,triggers_auto_heal,after_recovery,test_resilience_recovery__load_balancer__triggers_auto_heal__after_recovery
Resilience & Recovery,load_balancer,triggers_auto_heal,under_load,test_resilience_recovery__load_balancer__triggers_auto_heal__under_load
Resilience & Recovery,load_balancer,triggers_auto_heal,during_drill,test_resilience_recovery__load_balancer__triggers_auto_heal__during_drill
Resilience & Recovery,load_balancer,triggers_auto_heal,continuously,test_resilience_recovery__load_balancer__triggers_auto_heal__continuously
Resilience & Recovery,load_balancer,triggers_auto_heal,on_backup,test_resilience_recovery__load_balancer__triggers_auto_heal__on_backup
Resilience & Recovery,load_balancer,verifies_integrity,during_failover,test_resilience_recovery__load_balancer__verifies_integrity__during_failover
Resilience & Recovery,load_balancer,verifies_integrity,after_recovery,test_resilience_recovery__load_balancer__verifies_integrity__after_recovery
Resilience & Recovery,load_balancer,verifies_integrity,under_load,test_resilience_recovery__load_balancer__verifies_integrity__under_load
Resilience & Recovery,load_balancer,verifies_integrity,during_drill,test_resilience_recovery__load_balancer__verifies_integrity__during_drill
Resilience & Recovery,load_balancer,verifies_integrity,continuously,test_resilience_recovery__load_balancer__verifies_integrity__continuously
Resilience & Recovery,load_balancer,verifies_integrity,on_backup,test_resilience_recovery__load_balancer__verifies_integrity__on_backup
Resilience & Recovery,load_balancer,routes_traffic,during_failover,test_resilience_recovery__load_balancer__routes_traffic__during_failover
Resilience & Recovery,load_balancer,routes_traffic,after_recovery,test_resilience_recovery__load_balancer__routes_traffic__after_recovery
Resilience & Recovery,load_balancer,routes_traffic,under_load,test_resilience_recovery__load_balancer__routes_traffic__under_load
Resilience & Recovery,load_balancer,routes_traffic,during_drill,test_resilience_recovery__load_balancer__routes_traffic__during_drill
Resilience & Recovery,load_balancer,routes_traffic,continuously,test_resilience_recovery__load_balancer__routes_traffic__continuously
Resilience & Recovery,load_balancer,routes_traffic,on_backup,test_resilience_recovery__load_balancer__routes_traffic__on_backup
Resilience & Recovery,db_replica,balances_load,during_failover,test_resilience_recovery__db_replica__balances_load__during_failover
Resilience & Recovery,db_replica,balances_load,after_recovery,test_resilience_recovery__db_replica__balances_load__after_recovery
Resilience & Recovery,db_replica,balances_load,under_load,test_resilience_recovery__db_replica__balances_load__under_load
Resilience & Recovery,db_replica,balances_load,during_drill,test_resilience_recovery__db_replica__balances_load__during_drill
Resilience & Recovery,db_replica,balances_load,continuously,test_resilience_recovery__db_replica__balances_load__continuously
Resilience & Recovery,db_replica,balances_load,on_backup,test_resilience_recovery__db_replica__balances_load__on_backup
Resilience & Recovery,db_replica,replicates_state,during_failover,test_resilience_recovery__db_replica__replicates_state__during_failover
Resilience & Recovery,db_replica,replicates_state,after_recovery,test_resilience_recovery__db_replica__replicates_state__after_recovery
Resilience & Recovery,db_replica,replicates_state,under_load,test_resilience_recovery__db_replica__replicates_state__under_load
Resilience & Recovery,db_replica,replicates_state,during_drill,test_resilience_recovery__db_replica__replicates_state__during_drill
Resilience & Recovery,db_replica,replicates_state,continuously,test_resilience_recovery__db_replica__replicates_state__continuously
Resilience & Recovery,db_replica,replicates_state,on_backup,test_resilience_recovery__db_replica__replicates_state__on_backup
Resilience & Recovery,db_replica,restores_snapshot,during_failover,test_resilience_recovery__db_replica__restores_snapshot__during_failover
Resilience & Recovery,db_replica,restores_snapshot,after_recovery,test_resilience_recovery__db_replica__restores_snapshot__after_recovery
Resilience & Recovery,db_replica,restores_snapshot,under_load,test_resilience_recovery__db_replica__restores_snapshot__under_load
Resilience & Recovery,db_replica,restores_snapshot,during_drill,test_resilience_recovery__db_replica__restores_snapshot__during_drill
Resilience & Recovery,db_replica,restores_snapshot,continuously,test_resilience_recovery__db_replica__restores_snapshot__continuously
Resilience & Recovery,db_replica,restores_snapshot,on_backup,test_resilience_recovery__db_replica__restores_snapshot__on_backup
Resilience & Recovery,db_replica,encrypts_backup,during_failover,test_resilience_recovery__db_replica__encrypts_backup__during_failover
Resilience & Recovery,db_replica,encrypts_backup,after_recovery,test_resilience_recovery__db_replica__encrypts_backup__after_recovery
Resilience & Recovery,db_replica,encrypts_backup,under_load,test_resilience_recovery__db_replica__encrypts_backup__under_load
Resilience & Recovery,db_replica,encrypts_backup,during_drill,test_resilience_recovery__db_replica__encrypts_backup__during_drill
Resilience & Recovery,db_replica,encrypts_backup,continuously,test_resilience_recovery__db_replica__encrypts_backup__continuously
Resilience & Recovery,db_replica,encrypts_backup,on_backup,test_resilience_recovery__db_replica__encrypts_backup__on_backup
Resilience & Recovery,db_replica,tests_failover,during_failover,test_resilience_recovery__db_replica__tests_failover__during_failover
Resilience & Recovery,db_replica,tests_failover,after_recovery,test_resilience_recovery__db_replica__tests_failover__after_recovery
Resilience & Recovery,db_replica,tests_failover,under_load,test_resilience_recovery__db_replica__tests_failover__under_load
Resilience & Recovery,db_replica,tests_failover,during_drill,test_resilience_recovery__db_replica__tests_failover__during_drill
Resilience & Recovery,db_replica,tests_failover,continuously,test_resilience_recovery__db_replica__tests_failover__continuously
Resilience & Recovery,db_replica,tests_failover,on_backup,test_resilience_recovery__db_replica__tests_failover__on_backup
Resilience & Recovery,db_replica,recovers_after_fault,during_failover,test_resilience_recovery__db_replica__recovers_after_fault__during_failover
Resilience & Recovery,db_replica,recovers_after_fault,after_recovery,test_resilience_recovery__db_replica__recovers_after_fault__after_recovery
Resilience & Recovery,db_replica,recovers_after_fault,under_load,test_resilience_recovery__db_replica__recovers_after_fault__under_load
Resilience & Recovery,db_replica,recovers_after_fault,during_drill,test_resilience_recovery__db_replica__recovers_after_fault__during_drill
Resilience & Recovery,db_replica,recovers_after_fault,continuously,test_resilience_recovery__db_replica__recovers_after_fault__continuously
Resilience & Recovery,db_replica,recovers_after_fault,on_backup,test_resilience_recovery__db_replica__recovers_after_fault__on_backup
Resilience & Recovery,db_replica,triggers_auto_heal,during_failover,test_resilience_recovery__db_replica__triggers_auto_heal__during_failover
Resilience & Recovery,db_replica,triggers_auto_heal,after_recovery,test_resilience_recovery__db_replica__triggers_auto_heal__after_recovery
Resilience & Recovery,db_replica,triggers_auto_heal,under_load,test_resilience_recovery__db_replica__triggers_auto_heal__under_load
Resilience & Recovery,db_replica,triggers_auto_heal,during_drill,test_resilience_recovery__db_replica__triggers_auto_heal__during_drill
Resilience & Recovery,db_replica,triggers_auto_heal,continuously,test_resilience_recovery__db_replica__triggers_auto_heal__continuously
Resilience & Recovery,db_replica,triggers_auto_heal,on_backup,test_resilience_recovery__db_replica__triggers_auto_heal__on_backup
Resilience & Recovery,db_replica,verifies_integrity,during_failover,test_resilience_recovery__db_replica__verifies_integrity__during_failover
Resilience & Recovery,db_replica,verifies_integrity,after_recovery,test_resilience_recovery__db_replica__verifies_integrity__after_recovery
Resilience & Recovery,db_replica,verifies_integrity,under_load,test_resilience_recovery__db_replica__verifies_integrity__under_load
Resilience & Recovery,db_replica,verifies_integrity,during_drill,test_resilience_recovery__db_replica__verifies_integrity__during_drill
Resilience & Recovery,db_replica,verifies_integrity,continuously,test_resilience_recovery__db_replica__verifies_integrity__continuously
Resilience & Recovery,db_replica,verifies_integrity,on_backup,test_resilience_recovery__db_replica__verifies_integrity__on_backup
Resilience & Recovery,db_replica,routes_traffic,during_failover,test_resilience_recovery__db_replica__routes_traffic__during_failover
Resilience & Recovery,db_replica,routes_traffic,after_recovery,test_resilience_recovery__db_replica__routes_traffic__after_recovery
Resilience & Recovery,db_replica,routes_traffic,under_load,test_resilience_recovery__db_replica__routes_traffic__under_load
Resilience & Recovery,db_replica,routes_traffic,during_drill,test_resilience_recovery__db_replica__routes_traffic__during_drill
Resilience & Recovery,db_replica,routes_traffic,continuously,test_resilience_recovery__db_replica__routes_traffic__continuously
Resilience & Recovery,db_replica,routes_traffic,on_backup,test_resilience_recovery__db_replica__routes_traffic__on_backup
Resilience & Recovery,snapshot_restore,balances_load,during_failover,test_resilience_recovery__snapshot_restore__balances_load__during_failover
Resilience & Recovery,snapshot_restore,balances_load,after_recovery,test_resilience_recovery__snapshot_restore__balances_load__after_recovery
Resilience & Recovery,snapshot_restore,balances_load,under_load,test_resilience_recovery__snapshot_restore__balances_load__under_load
Resilience & Recovery,snapshot_restore,balances_load,during_drill,test_resilience_recovery__snapshot_restore__balances_load__during_drill
Resilience & Recovery,snapshot_restore,balances_load,continuously,test_resilience_recovery__snapshot_restore__balances_load__continuously
Resilience & Recovery,snapshot_restore,balances_load,on_backup,test_resilience_recovery__snapshot_restore__balances_load__on_backup
Resilience & Recovery,snapshot_restore,replicates_state,during_failover,test_resilience_recovery__snapshot_restore__replicates_state__during_failover
Resilience & Recovery,snapshot_restore,replicates_state,after_recovery,test_resilience_recovery__snapshot_restore__replicates_state__after_recovery
Resilience & Recovery,snapshot_restore,replicates_state,under_load,test_resilience_recovery__snapshot_restore__replicates_state__under_load
Resilience & Recovery,snapshot_restore,replicates_state,during_drill,test_resilience_recovery__snapshot_restore__replicates_state__during_drill
Resilience & Recovery,snapshot_restore,replicates_state,continuously,test_resilience_recovery__snapshot_restore__replicates_state__continuously
Resilience & Recovery,snapshot_restore,replicates_state,on_backup,test_resilience_recovery__snapshot_restore__replicates_state__on_backup
Resilience & Recovery,snapshot_restore,restores_snapshot,during_failover,test_resilience_recovery__snapshot_restore__restores_snapshot__during_failover
Resilience & Recovery,snapshot_restore,restores_snapshot,after_recovery,test_resilience_recovery__snapshot_restore__restores_snapshot__after_recovery
Resilience & Recovery,snapshot_restore,restores_snapshot,under_load,test_resilience_recovery__snapshot_restore__restores_snapshot__under_load
Resilience & Recovery,snapshot_restore,restores_snapshot,during_drill,test_resilience_recovery__snapshot_restore__restores_snapshot__during_drill
Resilience & Recovery,snapshot_restore,restores_snapshot,continuously,test_resilience_recovery__snapshot_restore__restores_snapshot__continuously
Resilience & Recovery,snapshot_restore,restores_snapshot,on_backup,test_resilience_recovery__snapshot_restore__restores_snapshot__on_backup
Resilience & Recovery,snapshot_restore,encrypts_backup,during_failover,test_resilience_recovery__snapshot_restore__encrypts_backup__during_failover
Resilience & Recovery,snapshot_restore,encrypts_backup,after_recovery,test_resilience_recovery__snapshot_restore__encrypts_backup__after_recovery
Resilience & Recovery,snapshot_restore,encrypts_backup,under_load,test_resilience_recovery__snapshot_restore__encrypts_backup__under_load
Resilience & Recovery,snapshot_restore,encrypts_backup,during_drill,test_resilience_recovery__snapshot_restore__encrypts_backup__during_drill
Resilience & Recovery,snapshot_restore,encrypts_backup,continuously,test_resilience_recovery__snapshot_restore__encrypts_backup__continuously
Resilience & Recovery,snapshot_restore,encrypts_backup,on_backup,test_resilience_recovery__snapshot_restore__encrypts_backup__on_backup
Resilience & Recovery,snapshot_restore,tests_failover,during_failover,test_resilience_recovery__snapshot_restore__tests_failover__during_failover
Resilience & Recovery,snapshot_restore,tests_failover,after_recovery,test_resilience_recovery__snapshot_restore__tests_failover__after_recovery
Resilience & Recovery,snapshot_restore,tests_failover,under_load,test_resilience_recovery__snapshot_restore__tests_failover__under_load
Resilience & Recovery,snapshot_restore,tests_failover,during_drill,test_resilience_recovery__snapshot_restore__tests_failover__during_drill
Resilience & Recovery,snapshot_restore,tests_failover,continuously,test_resilience_recovery__snapshot_restore__tests_failover__continuously
Resilience & Recovery,snapshot_restore,tests_failover,on_backup,test_resilience_recovery__snapshot_restore__tests_failover__on_backup
Resilience & Recovery,snapshot_restore,recovers_after_fault,during_failover,test_resilience_recovery__snapshot_restore__recovers_after_fault__during_failover
Resilience & Recovery,snapshot_restore,recovers_after_fault,after_recovery,test_resilience_recovery__snapshot_restore__recovers_after_fault__after_recovery
Resilience & Recovery,snapshot_restore,recovers_after_fault,under_load,test_resilience_recovery__snapshot_restore__recovers_after_fault__under_load
Resilience & Recovery,snapshot_restore,recovers_after_fault,during_drill,test_resilience_recovery__snapshot_restore__recovers_after_fault__during_drill
Resilience & Recovery,snapshot_restore,recovers_after_fault,continuously,test_resilience_recovery__snapshot_restore__recovers_after_fault__continuously
Resilience & Recovery,snapshot_restore,recovers_after_fault,on_backup,test_resilience_recovery__snapshot_restore__recovers_after_fault__on_backup
Resilience & Recovery,snapshot_restore,triggers_auto_heal,during_failover,test_resilience_recovery__snapshot_restore__triggers_auto_heal__during_failover
Resilience & Recovery,snapshot_restore,triggers_auto_heal,after_recovery,test_resilience_recovery__snapshot_restore__triggers_auto_heal__after_recovery
Resilience & Recovery,snapshot_restore,triggers_auto_heal,under_load,test_resilience_recovery__snapshot_restore__triggers_auto_heal__under_load
Resilience & Recovery,snapshot_restore,triggers_auto_heal,during_drill,test_resilience_recovery__snapshot_restore__triggers_auto_heal__during_drill
Resilience & Recovery,snapshot_restore,triggers_auto_heal,continuously,test_resilience_recovery__snapshot_restore__triggers_auto_heal__continuously
Resilience & Recovery,snapshot_restore,triggers_auto_heal,on_backup,test_resilience_recovery__snapshot_restore__triggers_auto_heal__on_backup
Resilience & Recovery,snapshot_restore,verifies_integrity,during_failover,test_resilience_recovery__snapshot_restore__verifies_integrity__during_failover
Resilience & Recovery,snapshot_restore,verifies_integrity,after_recovery,test_resilience_recovery__snapshot_restore__verifies_integrity__after_recovery
Resilience & Recovery,snapshot_restore,verifies_integrity,under_load,test_resilience_recovery__snapshot_restore__verifies_integrity__under_load
Resilience & Recovery,snapshot_restore,verifies_integrity,during_drill,test_resilience_recovery__snapshot_restore__verifies_integrity__during_drill
Resilience & Recovery,snapshot_restore,verifies_integrity,continuously,test_resilience_recovery__snapshot_restore__verifies_integrity__continuously
Resilience & Recovery,snapshot_restore,verifies_integrity,on_backup,test_resilience_recovery__snapshot_restore__verifies_integrity__on_backup
Resilience & Recovery,snapshot_restore,routes_traffic,during_failover,test_resilience_recovery__snapshot_restore__routes_traffic__during_failover
Resilience & Recovery,snapshot_restore,routes_traffic,after_recovery,test_resilience_recovery__snapshot_restore__routes_traffic__after_recovery
Resilience & Recovery,snapshot_restore,routes_traffic,under_load,test_resilience_recovery__snapshot_restore__routes_traffic__under_load
Resilience & Recovery,snapshot_restore,routes_traffic,during_drill,test_resilience_recovery__snapshot_restore__routes_traffic__during_drill
Resilience & Recovery,snapshot_restore,routes_traffic,continuously,test_resilience_recovery__snapshot_restore__routes_traffic__continuously
Resilience & Recovery,snapshot_restore,routes_traffic,on_backup,test_resilience_recovery__snapshot_restore__routes_traffic__on_backup
Resilience & Recovery,dr_plan,balances_load,during_failover,test_resilience_recovery__dr_plan__balances_load__during_failover
Resilience & Recovery,dr_plan,balances_load,after_recovery,test_resilience_recovery__dr_plan__balances_load__after_recovery
Resilience & Recovery,dr_plan,balances_load,under_load,test_resilience_recovery__dr_plan__balances_load__under_load
Resilience & Recovery,dr_plan,balances_load,during_drill,test_resilience_recovery__dr_plan__balances_load__during_drill
Resilience & Recovery,dr_plan,balances_load,continuously,test_resilience_recovery__dr_plan__balances_load__continuously
Resilience & Recovery,dr_plan,balances_load,on_backup,test_resilience_recovery__dr_plan__balances_load__on_backup
Resilience & Recovery,dr_plan,replicates_state,during_failover,test_resilience_recovery__dr_plan__replicates_state__during_failover
Resilience & Recovery,dr_plan,replicates_state,after_recovery,test_resilience_recovery__dr_plan__replicates_state__after_recovery
Resilience & Recovery,dr_plan,replicates_state,under_load,test_resilience_recovery__dr_plan__replicates_state__under_load
Resilience & Recovery,dr_plan,replicates_state,during_drill,test_resilience_recovery__dr_plan__replicates_state__during_drill
Resilience & Recovery,dr_plan,replicates_state,continuously,test_resilience_recovery__dr_plan__replicates_state__continuously
Resilience & Recovery,dr_plan,replicates_state,on_backup,test_resilience_recovery__dr_plan__replicates_state__on_backup
Resilience & Recovery,dr_plan,restores_snapshot,during_failover,test_resilience_recovery__dr_plan__restores_snapshot__during_failover
Resilience & Recovery,dr_plan,restores_snapshot,after_recovery,test_resilience_recovery__dr_plan__restores_snapshot__after_recovery
Resilience & Recovery,dr_plan,restores_snapshot,under_load,test_resilience_recovery__dr_plan__restores_snapshot__under_load
Resilience & Recovery,dr_plan,restores_snapshot,during_drill,test_resilience_recovery__dr_plan__restores_snapshot__during_drill
Resilience & Recovery,dr_plan,restores_snapshot,continuously,test_resilience_recovery__dr_plan__restores_snapshot__continuously
Resilience & Recovery,dr_plan,restores_snapshot,on_backup,test_resilience_recovery__dr_plan__restores_snapshot__on_backup
Resilience & Recovery,dr_plan,encrypts_backup,during_failover,test_resilience_recovery__dr_plan__encrypts_backup__during_failover
Resilience & Recovery,dr_plan,encrypts_backup,after_recovery,test_resilience_recovery__dr_plan__encrypts_backup__after_recovery
Resilience & Recovery,dr_plan,encrypts_backup,under_load,test_resilience_recovery__dr_plan__encrypts_backup__under_load
Resilience & Recovery,dr_plan,encrypts_backup,during_drill,test_resilience_recovery__dr_plan__encrypts_backup__during_drill
Resilience & Recovery,dr_plan,encrypts_backup,continuously,test_resilience_recovery__dr_plan__encrypts_backup__continuously
Resilience & Recovery,dr_plan,encrypts_backup,on_backup,test_resilience_recovery__dr_plan__encrypts_backup__on_backup
Resilience & Recovery,dr_plan,tests_failover,during_failover,test_resilience_recovery__dr_plan__tests_failover__during_failover
Resilience & Recovery,dr_plan,tests_failover,after_recovery,test_resilience_recovery__dr_plan__tests_failover__after_recovery
Resilience & Recovery,dr_plan,tests_failover,under_load,test_resilience_recovery__dr_plan__tests_failover__under_load
Resilience & Recovery,dr_plan,tests_failover,during_drill,test_resilience_recovery__dr_plan__tests_failover__during_drill
Resilience & Recovery,dr_plan,tests_failover,continuously,test_resilience_recovery__dr_plan__tests_failover__continuously
Resilience & Recovery,dr_plan,tests_failover,on_backup,test_resilience_recovery__dr_plan__tests_failover__on_backup
Resilience & Recovery,dr_plan,recovers_after_fault,during_failover,test_resilience_recovery__dr_plan__recovers_after_fault__during_failover
Resilience & Recovery,dr_plan,recovers_after_fault,after_recovery,test_resilience_recovery__dr_plan__recovers_after_fault__after_recovery
Resilience & Recovery,dr_plan,recovers_after_fault,under_load,test_resilience_recovery__dr_plan__recovers_after_fault__under_load
Resilience & Recovery,dr_plan,recovers_after_fault,during_drill,test_resilience_recovery__dr_plan__recovers_after_fault__during_drill
Resilience & Recovery,dr_plan,recovers_after_fault,continuously,test_resilience_recovery__dr_plan__recovers_after_fault__continuously
Resilience & Recovery,dr_plan,recovers_after_fault,on_backup,test_resilience_recovery__dr_plan__recovers_after_fault__on_backup
Resilience & Recovery,dr_plan,triggers_auto_heal,during_failover,test_resilience_recovery__dr_plan__triggers_auto_heal__during_failover
Resilience & Recovery,dr_plan,triggers_auto_heal,after_recovery,test_resilience_recovery__dr_plan__triggers_auto_heal__after_recovery
Resilience & Recovery,dr_plan,triggers_auto_heal,under_load,test_resilience_recovery__dr_plan__triggers_auto_heal__under_load
Resilience & Recovery,dr_plan,triggers_auto_heal,during_drill,test_resilience_recovery__dr_plan__triggers_auto_heal__during_drill
Resilience & Recovery,dr_plan,triggers_auto_heal,continuously,test_resilience_recovery__dr_plan__triggers_auto_heal__continuously
Resilience & Recovery,dr_plan,triggers_auto_heal,on_backup,test_resilience_recovery__dr_plan__triggers_auto_heal__on_backup
Resilience & Recovery,dr_plan,verifies_integrity,during_failover,test_resilience_recovery__dr_plan__verifies_integrity__during_failover
Resilience & Recovery,dr_plan,verifies_integrity,after_recovery,test_resilience_recovery__dr_plan__verifies_integrity__after_recovery
Resilience & Recovery,dr_plan,verifies_integrity,under_load,test_resilience_recovery__dr_plan__verifies_integrity__under_load
Resilience & Recovery,dr_plan,verifies_integrity,during_drill,test_resilience_recovery__dr_plan__verifies_integrity__during_drill
Resilience & Recovery,dr_plan,verifies_integrity,continuously,test_resilience_recovery__dr_plan__verifies_integrity__continuously
Resilience & Recovery,dr_plan,verifies_integrity,on_backup,test_resilience_recovery__dr_plan__verifies_integrity__on_backup
Resilience & Recovery,dr_plan,routes_traffic,during_failover,test_resilience_recovery__dr_plan__routes_traffic__during_failover
Resilience & Recovery,dr_plan,routes_traffic,after_recovery,test_resilience_recovery__dr_plan__routes_traffic__after_recovery
Resilience & Recovery,dr_plan,routes_traffic,under_load,test_resilience_recovery__dr_plan__routes_traffic__under_load
Resilience & Recovery,dr_plan,routes_traffic,during_drill,test_resilience_recovery__dr_plan__routes_traffic__during_drill
Resilience & Recovery,dr_plan,routes_traffic,continuously,test_resilience_recovery__dr_plan__routes_traffic__continuously
Resilience & Recovery,dr_plan,routes_traffic,on_backup,test_resilience_recovery__dr_plan__routes_traffic__on_backup
Resilience & Recovery,backup_service,balances_load,during_failover,test_resilience_recovery__backup_service__balances_load__during_failover
Resilience & Recovery,backup_service,balances_load,after_recovery,test_resilience_recovery__backup_service__balances_load__after_recovery
Resilience & Recovery,backup_service,balances_load,under_load,test_resilience_recovery__backup_service__balances_load__under_load
Resilience & Recovery,backup_service,balances_load,during_drill,test_resilience_recovery__backup_service__balances_load__during_drill
Resilience & Recovery,backup_service,balances_load,continuously,test_resilience_recovery__backup_service__balances_load__continuously
Resilience & Recovery,backup_service,balances_load,on_backup,test_resilience_recovery__backup_service__balances_load__on_backup
Resilience & Recovery,backup_service,replicates_state,during_failover,test_resilience_recovery__backup_service__replicates_state__during_failover
Resilience & Recovery,backup_service,replicates_state,after_recovery,test_resilience_recovery__backup_service__replicates_state__after_recovery
Resilience & Recovery,backup_service,replicates_state,under_load,test_resilience_recovery__backup_service__replicates_state__under_load
Resilience & Recovery,backup_service,replicates_state,during_drill,test_resilience_recovery__backup_service__replicates_state__during_drill
Resilience & Recovery,backup_service,replicates_state,continuously,test_resilience_recovery__backup_service__replicates_state__continuously
Resilience & Recovery,backup_service,replicates_state,on_backup,test_resilience_recovery__backup_service__replicates_state__on_backup
Resilience & Recovery,backup_service,restores_snapshot,during_failover,test_resilience_recovery__backup_service__restores_snapshot__during_failover
Resilience & Recovery,backup_service,restores_snapshot,after_recovery,test_resilience_recovery__backup_service__restores_snapshot__after_recovery
Resilience & Recovery,backup_service,restores_snapshot,under_load,test_resilience_recovery__backup_service__restores_snapshot__under_load
Resilience & Recovery,backup_service,restores_snapshot,during_drill,test_resilience_recovery__backup_service__restores_snapshot__during_drill
Resilience & Recovery,backup_service,restores_snapshot,continuously,test_resilience_recovery__backup_service__restores_snapshot__continuously
Resilience & Recovery,backup_service,restores_snapshot,on_backup,test_resilience_recovery__backup_service__restores_snapshot__on_backup
Resilience & Recovery,backup_service,encrypts_backup,during_failover,test_resilience_recovery__backup_service__encrypts_backup__during_failover
Resilience & Recovery,backup_service,encrypts_backup,after_recovery,test_resilience_recovery__backup_service__encrypts_backup__after_recovery
Resilience & Recovery,backup_service,encrypts_backup,under_load,test_resilience_recovery__backup_service__encrypts_backup__under_load
Resilience & Recovery,backup_service,encrypts_backup,during_drill,test_resilience_recovery__backup_service__encrypts_backup__during_drill
Resilience & Recovery,backup_service,encrypts_backup,continuously,test_resilience_recovery__backup_service__encrypts_backup__continuously
Resilience & Recovery,backup_service,encrypts_backup,on_backup,test_resilience_recovery__backup_service__encrypts_backup__on_backup
Resilience & Recovery,backup_service,tests_failover,during_failover,test_resilience_recovery__backup_service__tests_failover__during_failover
Resilience & Recovery,backup_service,tests_failover,after_recovery,test_resilience_recovery__backup_service__tests_failover__after_recovery
Resilience & Recovery,backup_service,tests_failover,under_load,test_resilience_recovery__backup_service__tests_failover__under_load
Resilience & Recovery,backup_service,tests_failover,during_drill,test_resilience_recovery__backup_service__tests_failover__during_drill
Resilience & Recovery,backup_service,tests_failover,continuously,test_resilience_recovery__backup_service__tests_failover__continuously
Resilience & Recovery,backup_service,tests_failover,on_backup,test_resilience_recovery__backup_service__tests_failover__on_backup
Resilience & Recovery,backup_service,recovers_after_fault,during_failover,test_resilience_recovery__backup_service__recovers_after_fault__during_failover
Resilience & Recovery,backup_service,recovers_after_fault,after_recovery,test_resilience_recovery__backup_service__recovers_after_fault__after_recovery
Resilience & Recovery,backup_service,recovers_after_fault,under_load,test_resilience_recovery__backup_service__recovers_after_fault__under_load
Resilience & Recovery,backup_service,recovers_after_fault,during_drill,test_resilience_recovery__backup_service__recovers_after_fault__during_drill
Resilience & Recovery,backup_service,recovers_after_fault,continuously,test_resilience_recovery__backup_service__recovers_after_fault__continuously
Resilience & Recovery,backup_service,recovers_after_fault,on_backup,test_resilience_recovery__backup_service__recovers_after_fault__on_backup
Resilience & Recovery,backup_service,triggers_auto_heal,during_failover,test_resilience_recovery__backup_service__triggers_auto_heal__during_failover
Resilience & Recovery,backup_service,triggers_auto_heal,after_recovery,test_resilience_recovery__backup_service__triggers_auto_heal__after_recovery
Resilience & Recovery,backup_service,triggers_auto_heal,under_load,test_resilience_recovery__backup_service__triggers_auto_heal__under_load
Resilience & Recovery,backup_service,triggers_auto_heal,during_drill,test_resilience_recovery__backup_service__triggers_auto_heal__during_drill
Resilience & Recovery,backup_service,triggers_auto_heal,continuously,test_resilience_recovery__backup_service__triggers_auto_heal__continuously
Resilience & Recovery,backup_service,triggers_auto_heal,on_backup,test_resilience_recovery__backup_service__triggers_auto_heal__on_backup
Resilience & Recovery,backup_service,verifies_integrity,during_failover,test_resilience_recovery__backup_service__verifies_integrity__during_failover
Resilience & Recovery,backup_service,verifies_integrity,after_recovery,test_resilience_recovery__backup_service__verifies_integrity__after_recovery
Resilience & Recovery,backup_service,verifies_integrity,under_load,test_resilience_recovery__backup_service__verifies_integrity__under_load
Resilience & Recovery,backup_service,verifies_integrity,during_drill,test_resilience_recovery__backup_service__verifies_integrity__during_drill
Resilience & Recovery,backup_service,verifies_integrity,continuously,test_resilience_recovery__backup_service__verifies_integrity__continuously
Resilience & Recovery,backup_service,verifies_integrity,on_backup,test_resilience_recovery__backup_service__verifies_integrity__on_backup
Resilience & Recovery,backup_service,routes_traffic,during_failover,test_resilience_recovery__backup_service__routes_traffic__during_failover
Resilience & Recovery,backup_service,routes_traffic,after_recovery,test_resilience_recovery__backup_service__routes_traffic__after_recovery
Resilience & Recovery,backup_service,routes_traffic,under_load,test_resilience_recovery__backup_service__routes_traffic__under_load
Resilience & Recovery,backup_service,routes_traffic,during_drill,test_resilience_recovery__backup_service__routes_traffic__during_drill
Resilience & Recovery,backup_service,routes_traffic,continuously,test_resilience_recovery__backup_service__routes_traffic__continuously
Resilience & Recovery,backup_service,routes_traffic,on_backup,test_resilience_recovery__backup_service__routes_traffic__on_backup
Resilience & Recovery,chaos_injector,balances_load,during_failover,test_resilience_recovery__chaos_injector__balances_load__during_failover
Resilience & Recovery,chaos_injector,balances_load,after_recovery,test_resilience_recovery__chaos_injector__balances_load__after_recovery
Resilience & Recovery,chaos_injector,balances_load,under_load,test_resilience_recovery__chaos_injector__balances_load__under_load
Resilience & Recovery,chaos_injector,balances_load,during_drill,test_resilience_recovery__chaos_injector__balances_load__during_drill
Resilience & Recovery,chaos_injector,balances_load,continuously,test_resilience_recovery__chaos_injector__balances_load__continuously
Resilience & Recovery,chaos_injector,balances_load,on_backup,test_resilience_recovery__chaos_injector__balances_load__on_backup
Resilience & Recovery,chaos_injector,replicates_state,during_failover,test_resilience_recovery__chaos_injector__replicates_state__during_failover
Resilience & Recovery,chaos_injector,replicates_state,after_recovery,test_resilience_recovery__chaos_injector__replicates_state__after_recovery
Resilience & Recovery,chaos_injector,replicates_state,under_load,test_resilience_recovery__chaos_injector__replicates_state__under_load
Resilience & Recovery,chaos_injector,replicates_state,during_drill,test_resilience_recovery__chaos_injector__replicates_state__during_drill
Resilience & Recovery,chaos_injector,replicates_state,continuously,test_resilience_recovery__chaos_injector__replicates_state__continuously
Resilience & Recovery,chaos_injector,replicates_state,on_backup,test_resilience_recovery__chaos_injector__replicates_state__on_backup
Resilience & Recovery,chaos_injector,restores_snapshot,during_failover,test_resilience_recovery__chaos_injector__restores_snapshot__during_failover
Resilience & Recovery,chaos_injector,restores_snapshot,after_recovery,test_resilience_recovery__chaos_injector__restores_snapshot__after_recovery
Resilience & Recovery,chaos_injector,restores_snapshot,under_load,test_resilience_recovery__chaos_injector__restores_snapshot__under_load
Resilience & Recovery,chaos_injector,restores_snapshot,during_drill,test_resilience_recovery__chaos_injector__restores_snapshot__during_drill
Resilience & Recovery,chaos_injector,restores_snapshot,continuously,test_resilience_recovery__chaos_injector__restores_snapshot__continuously
Resilience & Recovery,chaos_injector,restores_snapshot,on_backup,test_resilience_recovery__chaos_injector__restores_snapshot__on_backup
Resilience & Recovery,chaos_injector,encrypts_backup,during_failover,test_resilience_recovery__chaos_injector__encrypts_backup__during_failover
Resilience & Recovery,chaos_injector,encrypts_backup,after_recovery,test_resilience_recovery__chaos_injector__encrypts_backup__after_recovery
Resilience & Recovery,chaos_injector,encrypts_backup,under_load,test_resilience_recovery__chaos_injector__encrypts_backup__under_load
Resilience & Recovery,chaos_injector,encrypts_backup,during_drill,test_resilience_recovery__chaos_injector__encrypts_backup__during_drill
Resilience & Recovery,chaos_injector,encrypts_backup,continuously,test_resilience_recovery__chaos_injector__encrypts_backup__continuously
Resilience & Recovery,chaos_injector,encrypts_backup,on_backup,test_resilience_recovery__chaos_injector__encrypts_backup__on_backup
Resilience & Recovery,chaos_injector,tests_failover,during_failover,test_resilience_recovery__chaos_injector__tests_failover__during_failover
Resilience & Recovery,chaos_injector,tests_failover,after_recovery,test_resilience_recovery__chaos_injector__tests_failover__after_recovery
Resilience & Recovery,chaos_injector,tests_failover,under_load,test_resilience_recovery__chaos_injector__tests_failover__under_load
Resilience & Recovery,chaos_injector,tests_failover,during_drill,test_resilience_recovery__chaos_injector__tests_failover__during_drill
Resilience & Recovery,chaos_injector,tests_failover,continuously,test_resilience_recovery__chaos_injector__tests_failover__continuously
Resilience & Recovery,chaos_injector,tests_failover,on_backup,test_resilience_recovery__chaos_injector__tests_failover__on_backup
Resilience & Recovery,chaos_injector,recovers_after_fault,during_failover,test_resilience_recovery__chaos_injector__recovers_after_fault__during_failover
Resilience & Recovery,chaos_injector,recovers_after_fault,after_recovery,test_resilience_recovery__chaos_injector__recovers_after_fault__after_recovery
Resilience & Recovery,chaos_injector,recovers_after_fault,under_load,test_resilience_recovery__chaos_injector__recovers_after_fault__under_load
Resilience & Recovery,chaos_injector,recovers_after_fault,during_drill,test_resilience_recovery__chaos_injector__recovers_after_fault__during_drill
Resilience & Recovery,chaos_injector,recovers_after_fault,continuously,test_resilience_recovery__chaos_injector__recovers_after_fault__continuously
Resilience & Recovery,chaos_injector,recovers_after_fault,on_backup,test_resilience_recovery__chaos_injector__recovers_after_fault__on_backup
Resilience & Recovery,chaos_injector,triggers_auto_heal,during_failover,test_resilience_recovery__chaos_injector__triggers_auto_heal__during_failover
Resilience & Recovery,chaos_injector,triggers_auto_heal,after_recovery,test_resilience_recovery__chaos_injector__triggers_auto_heal__after_recovery
Resilience & Recovery,chaos_injector,triggers_auto_heal,under_load,test_resilience_recovery__chaos_injector__triggers_auto_heal__under_load
Resilience & Recovery,chaos_injector,triggers_auto_heal,during_drill,test_resilience_recovery__chaos_injector__triggers_auto_heal__during_drill
Resilience & Recovery,chaos_injector,triggers_auto_heal,continuously,test_resilience_recovery__chaos_injector__triggers_auto_heal__continuously
Resilience & Recovery,chaos_injector,triggers_auto_heal,on_backup,test_resilience_recovery__chaos_injector__triggers_auto_heal__on_backup
Resilience & Recovery,chaos_injector,verifies_integrity,during_failover,test_resilience_recovery__chaos_injector__verifies_integrity__during_failover
Resilience & Recovery,chaos_injector,verifies_integrity,after_recovery,test_resilience_recovery__chaos_injector__verifies_integrity__after_recovery
Resilience & Recovery,chaos_injector,verifies_integrity,under_load,test_resilience_recovery__chaos_injector__verifies_integrity__under_load
Resilience & Recovery,chaos_injector,verifies_integrity,during_drill,test_resilience_recovery__chaos_injector__verifies_integrity__during_drill
Resilience & Recovery,chaos_injector,verifies_integrity,continuously,test_resilience_recovery__chaos_injector__verifies_integrity__continuously
Resilience & Recovery,chaos_injector,verifies_integrity,on_backup,test_resilience_recovery__chaos_injector__verifies_integrity__on_backup
Resilience & Recovery,chaos_injector,routes_traffic,during_failover,test_resilience_recovery__chaos_injector__routes_traffic__during_failover
Resilience & Recovery,chaos_injector,routes_traffic,after_recovery,test_resilience_recovery__chaos_injector__routes_traffic__after_recovery
Resilience & Recovery,chaos_injector,routes_traffic,under_load,test_resilience_recovery__chaos_injector__routes_traffic__under_load
Resilience & Recovery,chaos_injector,routes_traffic,during_drill,test_resilience_recovery__chaos_injector__routes_traffic__during_drill
Resilience & Recovery,chaos_injector,routes_traffic,continuously,test_resilience_recovery__chaos_injector__routes_traffic__continuously
Resilience & Recovery,chaos_injector,routes_traffic,on_backup,test_resilience_recovery__chaos_injector__routes_traffic__on_backup
Resilience & Recovery,self_heal_agent,balances_load,during_failover,test_resilience_recovery__self_heal_agent__balances_load__during_failover
Resilience & Recovery,self_heal_agent,balances_load,after_recovery,test_resilience_recovery__self_heal_agent__balances_load__after_recovery
Resilience & Recovery,self_heal_agent,balances_load,under_load,test_resilience_recovery__self_heal_agent__balances_load__under_load
Resilience & Recovery,self_heal_agent,balances_load,during_drill,test_resilience_recovery__self_heal_agent__balances_load__during_drill
Resilience & Recovery,self_heal_agent,balances_load,continuously,test_resilience_recovery__self_heal_agent__balances_load__continuously
Resilience & Recovery,self_heal_agent,balances_load,on_backup,test_resilience_recovery__self_heal_agent__balances_load__on_backup
Resilience & Recovery,self_heal_agent,replicates_state,during_failover,test_resilience_recovery__self_heal_agent__replicates_state__during_failover
Resilience & Recovery,self_heal_agent,replicates_state,after_recovery,test_resilience_recovery__self_heal_agent__replicates_state__after_recovery
Resilience & Recovery,self_heal_agent,replicates_state,under_load,test_resilience_recovery__self_heal_agent__replicates_state__under_load
Resilience & Recovery,self_heal_agent,replicates_state,during_drill,test_resilience_recovery__self_heal_agent__replicates_state__during_drill
Resilience & Recovery,self_heal_agent,replicates_state,continuously,test_resilience_recovery__self_heal_agent__replicates_state__continuously
Resilience & Recovery,self_heal_agent,replicates_state,on_backup,test_resilience_recovery__self_heal_agent__replicates_state__on_backup
Resilience & Recovery,self_heal_agent,restores_snapshot,during_failover,test_resilience_recovery__self_heal_agent__restores_snapshot__during_failover
Resilience & Recovery,self_heal_agent,restores_snapshot,after_recovery,test_resilience_recovery__self_heal_agent__restores_snapshot__after_recovery
Resilience & Recovery,self_heal_agent,restores_snapshot,under_load,test_resilience_recovery__self_heal_agent__restores_snapshot__under_load
Resilience & Recovery,self_heal_agent,restores_snapshot,during_drill,test_resilience_recovery__self_heal_agent__restores_snapshot__during_drill
Resilience & Recovery,self_heal_agent,restores_snapshot,continuously,test_resilience_recovery__self_heal_agent__restores_snapshot__continuously
Resilience & Recovery,self_heal_agent,restores_snapshot,on_backup,test_resilience_recovery__self_heal_agent__restores_snapshot__on_backup
Resilience & Recovery,self_heal_agent,encrypts_backup,during_failover,test_resilience_recovery__self_heal_agent__encrypts_backup__during_failover
Resilience & Recovery,self_heal_agent,encrypts_backup,after_recovery,test_resilience_recovery__self_heal_agent__encrypts_backup__after_recovery
Resilience & Recovery,self_heal_agent,encrypts_backup,under_load,test_resilience_recovery__self_heal_agent__encrypts_backup__under_load
Resilience & Recovery,self_heal_agent,encrypts_backup,during_drill,test_resilience_recovery__self_heal_agent__encrypts_backup__during_drill
Resilience & Recovery,self_heal_agent,encrypts_backup,continuously,test_resilience_recovery__self_heal_agent__encrypts_backup__continuously
Resilience & Recovery,self_heal_agent,encrypts_backup,on_backup,test_resilience_recovery__self_heal_agent__encrypts_backup__on_backup
Resilience & Recovery,self_heal_agent,tests_failover,during_failover,test_resilience_recovery__self_heal_agent__tests_failover__during_failover
Resilience & Recovery,self_heal_agent,tests_failover,after_recovery,test_resilience_recovery__self_heal_agent__tests_failover__after_recovery
Resilience & Recovery,self_heal_agent,tests_failover,under_load,test_resilience_recovery__self_heal_agent__tests_failover__under_load
Resilience & Recovery,self_heal_agent,tests_failover,during_drill,test_resilience_recovery__self_heal_agent__tests_failover__during_drill
Resilience & Recovery,self_heal_agent,tests_failover,continuously,test_resilience_recovery__self_heal_agent__tests_failover__continuously
Resilience & Recovery,self_heal_agent,tests_failover,on_backup,test_resilience_recovery__self_heal_agent__tests_failover__on_backup
Resilience & Recovery,self_heal_agent,recovers_after_fault,during_failover,test_resilience_recovery__self_heal_agent__recovers_after_fault__during_failover
Resilience & Recovery,self_heal_agent,recovers_after_fault,after_recovery,test_resilience_recovery__self_heal_agent__recovers_after_fault__after_recovery
Resilience & Recovery,self_heal_agent,recovers_after_fault,under_load,test_resilience_recovery__self_heal_agent__recovers_after_fault__under_load
Resilience & Recovery,self_heal_agent,recovers_after_fault,during_drill,test_resilience_recovery__self_heal_agent__recovers_after_fault__during_drill
Resilience & Recovery,self_heal_agent,recovers_after_fault,continuously,test_resilience_recovery__self_heal_agent__recovers_after_fault__continuously
Resilience & Recovery,self_heal_agent,recovers_after_fault,on_backup,test_resilience_recovery__self_heal_agent__recovers_after_fault__on_backup
Resilience & Recovery,self_heal_agent,triggers_auto_heal,during_failover,test_resilience_recovery__self_heal_agent__triggers_auto_heal__during_failover
Resilience & Recovery,self_heal_agent,triggers_auto_heal,after_recovery,test_resilience_recovery__self_heal_agent__triggers_auto_heal__after_recovery
Resilience & Recovery,self_heal_agent,triggers_auto_heal,under_load,test_resilience_recovery__self_heal_agent__triggers_auto_heal__under_load
Resilience & Recovery,self_heal_agent,triggers_auto_heal,during_drill,test_resilience_recovery__self_heal_agent__triggers_auto_heal__during_drill
Resilience & Recovery,self_heal_agent,triggers_auto_heal,continuously,test_resilience_recovery__self_heal_agent__triggers_auto_heal__continuously
Resilience & Recovery,self_heal_agent,triggers_auto_heal,on_backup,test_resilience_recovery__self_heal_agent__triggers_auto_heal__on_backup
Resilience & Recovery,self_heal_agent,verifies_integrity,during_failover,test_resilience_recovery__self_heal_agent__verifies_integrity__during_failover
Resilience & Recovery,self_heal_agent,verifies_integrity,after_recovery,test_resilience_recovery__self_heal_agent__verifies_integrity__after_recovery
Resilience & Recovery,self_heal_agent,verifies_integrity,under_load,test_resilience_recovery__self_heal_agent__verifies_integrity__under_load
Resilience & Recovery,self_heal_agent,verifies_integrity,during_drill,test_resilience_recovery__self_heal_agent__verifies_integrity__during_drill
Resilience & Recovery,self_heal_agent,verifies_integrity,continuously,test_resilience_recovery__self_heal_agent__verifies_integrity__continuously
Resilience & Recovery,self_heal_agent,verifies_integrity,on_backup,test_resilience_recovery__self_heal_agent__verifies_integrity__on_backup
Resilience & Recovery,self_heal_agent,routes_traffic,during_failover,test_resilience_recovery__self_heal_agent__routes_traffic__during_failover
Resilience & Recovery,self_heal_agent,routes_traffic,after_recovery,test_resilience_recovery__self_heal_agent__routes_traffic__after_recovery
Resilience & Recovery,self_heal_agent,routes_traffic,under_load,test_resilience_recovery__self_heal_agent__routes_traffic__under_load
Resilience & Recovery,self_heal_agent,routes_traffic,during_drill,test_resilience_recovery__self_heal_agent__routes_traffic__during_drill
Resilience & Recovery,self_heal_agent,routes_traffic,continuously,test_resilience_recovery__self_heal_agent__routes_traffic__continuously
Resilience & Recovery,self_heal_agent,routes_traffic,on_backup,test_resilience_recovery__self_heal_agent__routes_traffic__on_backup
Resilience & Recovery,redundant_storage,balances_load,during_failover,test_resilience_recovery__redundant_storage__balances_load__during_failover
Resilience & Recovery,redundant_storage,balances_load,after_recovery,test_resilience_recovery__redundant_storage__balances_load__after_recovery
Resilience & Recovery,redundant_storage,balances_load,under_load,test_resilience_recovery__redundant_storage__balances_load__under_load
Resilience & Recovery,redundant_storage,balances_load,during_drill,test_resilience_recovery__redundant_storage__balances_load__during_drill
Resilience & Recovery,redundant_storage,balances_load,continuously,test_resilience_recovery__redundant_storage__balances_load__continuously
Resilience & Recovery,redundant_storage,balances_load,on_backup,test_resilience_recovery__redundant_storage__balances_load__on_backup
Resilience & Recovery,redundant_storage,replicates_state,during_failover,test_resilience_recovery__redundant_storage__replicates_state__during_failover
Resilience & Recovery,redundant_storage,replicates_state,after_recovery,test_resilience_recovery__redundant_storage__replicates_state__after_recovery
Resilience & Recovery,redundant_storage,replicates_state,under_load,test_resilience_recovery__redundant_storage__replicates_state__under_load
Resilience & Recovery,redundant_storage,replicates_state,during_drill,test_resilience_recovery__redundant_storage__replicates_state__during_drill
Resilience & Recovery,redundant_storage,replicates_state,continuously,test_resilience_recovery__redundant_storage__replicates_state__continuously
Resilience & Recovery,redundant_storage,replicates_state,on_backup,test_resilience_recovery__redundant_storage__replicates_state__on_backup
Resilience & Recovery,redundant_storage,restores_snapshot,during_failover,test_resilience_recovery__redundant_storage__restores_snapshot__during_failover
Resilience & Recovery,redundant_storage,restores_snapshot,after_recovery,test_resilience_recovery__redundant_storage__restores_snapshot__after_recovery
Resilience & Recovery,redundant_storage,restores_snapshot,under_load,test_resilience_recovery__redundant_storage__restores_snapshot__under_load
Resilience & Recovery,redundant_storage,restores_snapshot,during_drill,test_resilience_recovery__redundant_storage__restores_snapshot__during_drill
Resilience & Recovery,redundant_storage,restores_snapshot,continuously,test_resilience_recovery__redundant_storage__restores_snapshot__continuously
Resilience & Recovery,redundant_storage,restores_snapshot,on_backup,test_resilience_recovery__redundant_storage__restores_snapshot__on_backup
Resilience & Recovery,redundant_storage,encrypts_backup,during_failover,test_resilience_recovery__redundant_storage__encrypts_backup__during_failover
Resilience & Recovery,redundant_storage,encrypts_backup,after_recovery,test_resilience_recovery__redundant_storage__encrypts_backup__after_recovery
Resilience & Recovery,redundant_storage,encrypts_backup,under_load,test_resilience_recovery__redundant_storage__encrypts_backup__under_load
Resilience & Recovery,redundant_storage,encrypts_backup,during_drill,test_resilience_recovery__redundant_storage__encrypts_backup__during_drill
Resilience & Recovery,redundant_storage,encrypts_backup,continuously,test_resilience_recovery__redundant_storage__encrypts_backup__continuously
Resilience & Recovery,redundant_storage,encrypts_backup,on_backup,test_resilience_recovery__redundant_storage__encrypts_backup__on_backup
Resilience & Recovery,redundant_storage,tests_failover,during_failover,test_resilience_recovery__redundant_storage__tests_failover__during_failover
Resilience & Recovery,redundant_storage,tests_failover,after_recovery,test_resilience_recovery__redundant_storage__tests_failover__after_recovery
Resilience & Recovery,redundant_storage,tests_failover,under_load,test_resilience_recovery__redundant_storage__tests_failover__under_load
Resilience & Recovery,redundant_storage,tests_failover,during_drill,test_resilience_recovery__redundant_storage__tests_failover__during_drill
Resilience & Recovery,redundant_storage,tests_failover,continuously,test_resilience_recovery__redundant_storage__tests_failover__continuously
Resilience & Recovery,redundant_storage,tests_failover,on_backup,test_resilience_recovery__redundant_storage__tests_failover__on_backup
Resilience & Recovery,redundant_storage,recovers_after_fault,during_failover,test_resilience_recovery__redundant_storage__recovers_after_fault__during_failover
Resilience & Recovery,redundant_storage,recovers_after_fault,after_recovery,test_resilience_recovery__redundant_storage__recovers_after_fault__after_recovery
Resilience & Recovery,redundant_storage,recovers_after_fault,under_load,test_resilience_recovery__redundant_storage__recovers_after_fault__under_load
Resilience & Recovery,redundant_storage,recovers_after_fault,during_drill,test_resilience_recovery__redundant_storage__recovers_after_fault__during_drill
Resilience & Recovery,redundant_storage,recovers_after_fault,continuously,test_resilience_recovery__redundant_storage__recovers_after_fault__continuously
Resilience & Recovery,redundant_storage,recovers_after_fault,on_backup,test_resilience_recovery__redundant_storage__recovers_after_fault__on_backup
Resilience & Recovery,redundant_storage,triggers_auto_heal,during_failover,test_resilience_recovery__redundant_storage__triggers_auto_heal__during_failover
Resilience & Recovery,redundant_storage,triggers_auto_heal,after_recovery,test_resilience_recovery__redundant_storage__triggers_auto_heal__after_recovery
Resilience & Recovery,redundant_storage,triggers_auto_heal,under_load,test_resilience_recovery__redundant_storage__triggers_auto_heal__under_load
Resilience & Recovery,redundant_storage,triggers_auto_heal,during_drill,test_resilience_recovery__redundant_storage__triggers_auto_heal__during_drill
Resilience & Recovery,redundant_storage,triggers_auto_heal,continuously,test_resilience_recovery__redundant_storage__triggers_auto_heal__continuously
Resilience & Recovery,redundant_storage,triggers_auto_heal,on_backup,test_resilience_recovery__redundant_storage__triggers_auto_heal__on_backup
Resilience & Recovery,redundant_storage,verifies_integrity,during_failover,test_resilience_recovery__redundant_storage__verifies_integrity__during_failover
Resilience & Recovery,redundant_storage,verifies_integrity,after_recovery,test_resilience_recovery__redundant_storage__verifies_integrity__after_recovery
Resilience & Recovery,redundant_storage,verifies_integrity,under_load,test_resilience_recovery__redundant_storage__verifies_integrity__under_load
Resilience & Recovery,redundant_storage,verifies_integrity,during_drill,test_resilience_recovery__redundant_storage__verifies_integrity__during_drill
Resilience & Recovery,redundant_storage,verifies_integrity,continuously,test_resilience_recovery__redundant_storage__verifies_integrity__continuously
Resilience & Recovery,redundant_storage,verifies_integrity,on_backup,test_resilience_recovery__redundant_storage__verifies_integrity__on_backup
Resilience & Recovery,redundant_storage,routes_traffic,during_failover,test_resilience_recovery__redundant_storage__routes_traffic__during_failover
Resilience & Recovery,redundant_storage,routes_traffic,after_recovery,test_resilience_recovery__redundant_storage__routes_traffic__after_recovery
Resilience & Recovery,redundant_storage,routes_traffic,under_load,test_resilience_recovery__redundant_storage__routes_traffic__under_load
Resilience & Recovery,redundant_storage,routes_traffic,during_drill,test_resilience_recovery__redundant_storage__routes_traffic__during_drill
Resilience & Recovery,redundant_storage,routes_traffic,continuously,test_resilience_recovery__redundant_storage__routes_traffic__continuously
Resilience & Recovery,redundant_storage,routes_traffic,on_backup,test_resilience_recovery__redundant_storage__routes_traffic__on_backup
